{"cameraMode":{"drawMode":0,"name":"Shaded","section":"Shading Mode"},"sceneLighting":false,"audioPlay":false,"sceneViewState":{"showFog":true,"showMaterialUpdate":false,"showSkybox":false,"showFlares":true,"showImageEffects":true,"showParticleSystems":true},"in2DMode":false,"pivot":{"x":-0.04528074711561203,"y":0.20447322726249696,"z":0.056986477226018909},"rotation":{"x":0.16327127814292909,"y":-0.7129672169685364,"z":0.1767437607049942,"w":0.6586212515830994},"size":1.545889139175415,"orthographic":false}