{"cameraMode":{"drawMode":0,"name":"Shaded","section":"Shading Mode"},"sceneLighting":false,"audioPlay":false,"sceneViewState":{"showFog":true,"showMaterialUpdate":false,"showSkybox":false,"showFlares":true,"showImageEffects":true,"showParticleSystems":true},"in2DMode":false,"pivot":{"x":0.021243631839752198,"y":0.10035958886146546,"z":-0.0174877792596817},"rotation":{"x":-0.17547976970672608,"y":0.6468006372451782,"z":-0.15643958747386933,"w":-0.7255222201347351},"size":0.39394378662109377,"orthographic":false}